area,date,pm25,aqi
Anna Nagar,2026-05-26,34.4,93
Anna Nagar,2026-05-27,31.2,81
Anna Nagar,2026-05-28,43.1,94
Anna Nagar,2026-05-29,41.4,96
Anna Nagar,2026-05-30,32.8,91
Anna Nagar,2026-05-31,32.7,87
Anna Nagar,2026-06-01,42.3,112
Anna Nagar,2026-06-02,38.0,101
Anna Nagar,2026-06-03,42.1,102
Anna Nagar,2026-06-04,37.4,93
Anna Nagar,2026-06-05,37.2,89
Anna Nagar,2026-06-06,32.9,91
Anna Nagar,2026-06-07,34.4,84
Anna Nagar,2026-06-08,43.5,107
Anna Nagar,2026-06-09,38.5,94
Anna Nagar,2026-06-10,42.8,105
Anna Nagar,2026-06-11,40.0,91
Anna Nagar,2026-06-12,44.0,98
Anna Nagar,2026-06-13,34.9,96
Anna Nagar,2026-06-14,38.6,84
Anna Nagar,2026-06-15,43.0,108
Anna Nagar,2026-06-16,41.2,91
Anna Nagar,2026-06-17,31.8,86
Anna Nagar,2026-06-18,38.9,100
Anna Nagar,2026-06-19,37.5,94
Anna Nagar,2026-06-20,43.3,97
Anna Nagar,2026-06-21,40.2,95
Anna Nagar,2026-06-22,31.3,78
Anna Nagar,2026-06-23,31.6,88
Anna Nagar,2026-06-24,34.2,87
T Nagar,2026-05-26,47.0,127
T Nagar,2026-05-27,46.6,120
T Nagar,2026-05-28,50.0,117
T Nagar,2026-05-29,53.7,124
T Nagar,2026-05-30,45.4,118
T Nagar,2026-05-31,48.0,118
T Nagar,2026-06-01,45.3,121
T Nagar,2026-06-02,49.0,120
T Nagar,2026-06-03,61.7,140
T Nagar,2026-06-04,44.4,113
T Nagar,2026-06-05,41.5,108
T Nagar,2026-06-06,52.6,122
T Nagar,2026-06-07,43.7,114
T Nagar,2026-06-08,40.6,102
T Nagar,2026-06-09,43.0,111
T Nagar,2026-06-10,44.9,112
T Nagar,2026-06-11,38.0,105
T Nagar,2026-06-12,51.0,137
T Nagar,2026-06-13,50.0,111
T Nagar,2026-06-14,53.8,143
T Nagar,2026-06-15,47.8,117
T Nagar,2026-06-16,50.6,133
T Nagar,2026-06-17,49.5,118
T Nagar,2026-06-18,48.3,123
T Nagar,2026-06-19,43.4,118
T Nagar,2026-06-20,52.8,134
T Nagar,2026-06-21,59.9,153
T Nagar,2026-06-22,71.7,171
T Nagar,2026-06-23,75.2,185
T Nagar,2026-06-24,80.2,200
Velachery,2026-05-26,40.6,99
Velachery,2026-05-27,48.0,104
Velachery,2026-05-28,48.2,117
Velachery,2026-05-29,36.2,98
Velachery,2026-05-30,46.6,114
Velachery,2026-05-31,38.3,108
Velachery,2026-06-01,46.3,112
Velachery,2026-06-02,37.0,96
Velachery,2026-06-03,43.0,107
Velachery,2026-06-04,40.8,102
Velachery,2026-06-05,41.7,102
Velachery,2026-06-06,39.0,116
Velachery,2026-06-07,41.8,103
Velachery,2026-06-08,41.8,107
Velachery,2026-06-09,37.4,90
Velachery,2026-06-10,42.9,118
Velachery,2026-06-11,43.8,111
Velachery,2026-06-12,38.6,104
Velachery,2026-06-13,44.8,102
Velachery,2026-06-14,49.1,109
Velachery,2026-06-15,47.1,114
Velachery,2026-06-16,48.9,118
Velachery,2026-06-17,43.8,111
Velachery,2026-06-18,40.1,105
Velachery,2026-06-19,41.6,112
Velachery,2026-06-20,43.9,111
Velachery,2026-06-21,48.0,114
Velachery,2026-06-22,50.0,119
Velachery,2026-06-23,36.8,92
Velachery,2026-06-24,36.7,95
Adyar,2026-05-26,38.7,92
Adyar,2026-05-27,26.7,74
Adyar,2026-05-28,28.5,80
Adyar,2026-05-29,30.8,74
Adyar,2026-05-30,37.5,89
Adyar,2026-05-31,25.6,61
Adyar,2026-06-01,33.5,80
Adyar,2026-06-02,31.0,92
Adyar,2026-06-03,31.9,75
Adyar,2026-06-04,31.4,67
Adyar,2026-06-05,35.7,82
Adyar,2026-06-06,32.6,75
Adyar,2026-06-07,36.1,88
Adyar,2026-06-08,33.6,81
Adyar,2026-06-09,28.8,73
Adyar,2026-06-10,32.7,78
Adyar,2026-06-11,32.0,87
Adyar,2026-06-12,36.0,78
Adyar,2026-06-13,27.2,74
Adyar,2026-06-14,35.2,81
Adyar,2026-06-15,36.0,80
Adyar,2026-06-16,37.3,86
Adyar,2026-06-17,40.8,84
Adyar,2026-06-18,25.3,78
Adyar,2026-06-19,35.8,92
Adyar,2026-06-20,36.3,80
Adyar,2026-06-21,23.1,67
Adyar,2026-06-22,24.5,67
Adyar,2026-06-23,35.0,83
Adyar,2026-06-24,28.6,82
Mylapore,2026-05-26,28.8,71
Mylapore,2026-05-27,35.9,86
Mylapore,2026-05-28,38.7,95
Mylapore,2026-05-29,39.1,96
Mylapore,2026-05-30,35.6,94
Mylapore,2026-05-31,36.0,88
Mylapore,2026-06-01,37.4,96
Mylapore,2026-06-02,36.9,94
Mylapore,2026-06-03,38.1,89
Mylapore,2026-06-04,25.7,74
Mylapore,2026-06-05,24.3,78
Mylapore,2026-06-06,36.1,84
Mylapore,2026-06-07,35.7,87
Mylapore,2026-06-08,43.5,98
Mylapore,2026-06-09,39.8,89
Mylapore,2026-06-10,33.8,90
Mylapore,2026-06-11,29.7,85
Mylapore,2026-06-12,32.1,82
Mylapore,2026-06-13,43.7,96
Mylapore,2026-06-14,32.8,78
Mylapore,2026-06-15,34.1,81
Mylapore,2026-06-16,30.1,88
Mylapore,2026-06-17,37.2,97
Mylapore,2026-06-18,31.1,85
Mylapore,2026-06-19,35.2,84
Mylapore,2026-06-20,36.4,88
Mylapore,2026-06-21,41.1,92
Mylapore,2026-06-22,30.5,87
Mylapore,2026-06-23,38.4,98
Mylapore,2026-06-24,40.7,98
